cdr,pos,native_aa,s108_aa,phi_nat,psi_nat,phi_s108,psi_s108,dphi,dpsi
H1,27,N,T,-96.5,132.5,-78.9,93.2,17.6,-39.2
H1,28,I,F,-69.1,-26.4,-52.0,-42.1,17.1,-15.8
H1,29,K,S,-53.3,-31.2,-68.6,-11.6,-15.3,19.6
H1,30,D,S,-78.9,1.4,-90.8,-0.3,-11.8,-1.7
H1,31,T,Y,-161.2,-178.2,-124.0,155.1,37.2,-26.8
H1,32,Y,Y,-92.5,143.3,-84.0,143.1,8.5,-0.2
H1,33,I,M,-118.5,128.9,-116.2,140.2,2.3,11.3
H1,34,H,S,-116.1,159.3,-128.4,155.1,-12.2,-4.1
H2,50,I,I,-136.9,148.5,-135.3,141.7,1.6,-6.8
H2,51,Y,Y,-117.3,101.7,-81.8,117.8,35.5,16.1
H2,52,P,S,-61.4,-31.7,-58.6,-40.9,2.9,-9.1
H2,53,T,S,-48.4,-43.4,-79.5,-44.2,-31.0,-0.9
H2,54,N,G,-123.1,8.0,-92.6,-16.9,30.5,-24.8
H2,55,G,G,60.2,10.8,80.1,5.3,19.9,-5.6
H2,56,Y,S,-60.0,127.1,-67.6,133.7,-7.6,6.6
H2,57,T,T,-117.4,158.0,-119.1,157.2,-1.6,-0.9
H2,58,R,Y,-138.0,153.9,-149.1,130.5,-11.1,-23.4
H2,59,Y,Y,-139.4,146.4,-122.1,147.5,17.3,1.1
H2,60,A,A,-75.7,149.9,-68.8,148.6,7.0,-1.3
H2,61,D,D,-59.7,-20.8,-57.4,-31.3,2.3,-10.5
H3,98,W,G,-98.7,46.8,-112.8,151.6,-14.1,104.8
H3,99,G,G,-32.6,118.9,-79.7,145.8,-47.1,26.9
H3,100,G,R,106.7,152.0,-75.9,-37.3,177.4,170.7
H3,101,D,Y,-88.0,-7.3,-104.3,48.5,-16.3,55.8
H3,102,G,G,-137.7,42.1,73.3,-164.0,-149.0,153.9
H3,103,F,G,-141.3,93.7,-21.1,124.3,120.2,30.5
H3,104,Y,Y,-107.5,34.8,-76.1,110.2,31.4,75.4
H3,105,A,G,-105.5,154.4,-60.2,-43.2,45.3,162.4
H3,106,M,F,-91.0,98.6,-128.7,129.5,-37.7,30.8
H3,107,D,D,-84.1,-27.6,-102.8,105.1,-18.7,132.7
H3,108,Y,Y,-126.3,147.1,-92.9,138.9,33.4,-8.3
L1,23,R,R,-99.2,136.8,-113.8,129.7,-14.6,-7.1
L1,24,A,A,-93.0,144.4,-95.3,143.5,-2.3,-1.0
L1,25,S,S,-70.1,-30.7,-76.2,-14.4,-6.1,16.3
L1,26,Q,Q,-141.4,174.2,-142.3,165.5,-1.0,-8.7
L1,27,D,S,-57.6,131.0,-64.8,136.4,-7.2,5.4
L1,28,V,L,-132.0,8.1,-114.8,4.1,17.3,-4.1
L1,29,N,S,50.4,-114.0,52.7,-127.0,2.3,-13.1
L1,30,T,S,-125.6,-1.0,-113.5,29.2,12.1,30.2
L1,31,A,S,-66.6,56.7,-88.6,70.8,-22.0,14.1
L1,32,V,L,-131.7,138.8,-133.5,134.8,-1.8,-4.0
L1,33,A,Y,-127.8,153.5,-104.0,148.5,23.8,-5.0
L2,49,S,G,43.5,45.9,59.9,30.2,16.4,-15.7
L2,50,A,A,71.1,-39.9,70.8,-35.9,-0.3,4.0
L2,51,S,S,-143.6,10.2,-136.5,-0.5,7.1,-10.7
L2,52,F,S,-103.0,116.1,-95.2,128.0,7.9,11.8
L2,53,L,R,-53.7,118.8,-78.5,135.9,-24.8,17.2
L2,54,Y,A,-70.8,157.6,-68.1,159.1,2.7,1.5
L2,55,S,S,-53.5,129.6,-56.9,132.7,-3.4,3.1
L3,88,Q,Q,-142.6,140.4,-148.5,130.4,-5.9,-10.0
L3,89,Q,Q,-105.0,133.9,-88.4,142.1,16.6,8.2
L3,90,H,Y,-120.5,29.7,-127.1,26.7,-6.6,-3.0
L3,91,Y,N,-66.7,-43.4,-75.9,-39.0,-9.2,4.3
L3,92,T,S,-121.3,167.8,-150.4,126.8,-29.0,-41.0
L3,93,T,P,-100.7,137.9,-66.2,151.1,34.4,13.3
L3,94,P,P,-69.0,151.2,-70.9,141.8,-1.9,-9.4
L3,95,P,L,-72.7,143.6,-75.8,95.9,-3.1,-47.7
L3,96,T,T,-126.4,145.6,-87.8,150.4,38.6,4.7